step,turnover,tc_penalty,net_return,gross_return,tc_drag
0,0.9947652170559131,0.000994765217055913,0.9985241731455425,0.9995189383625984,0.0009947652170558818
1,1.3570805788040161,0.0013570806477218866,0.9985085725784302,0.9998656511306763,0.0013570785522460938
2,1.3931790590286255,0.0013931791763752699,1.0091578960418701,1.01055109500885,0.0013931989669799805
3,1.1192035675048828,0.001119203632697463,0.9702887535095215,0.971407949924469,0.0011191964149475098
4,1.0304527282714844,0.0010304527822881937,1.0034794807434082,1.0045099258422852,0.0010304450988769531
5,0.7499796748161316,0.0007499796920455992,1.0255866050720215,1.0263365507125854,0.0007499456405639648
6,0.8466184735298157,0.0008466184954158962,0.9666638374328613,0.967510461807251,0.0008466243743896484
7,0.6089802980422974,0.0006089803064242005,0.9987080693244934,0.9993170499801636,0.000608980655670166
8,1.2100651264190674,0.0012100652093067765,0.9987898468971252,0.9999999403953552,0.0012100934982299805
9,1.1437002420425415,0.0011437003267928958,0.9978711605072021,0.9990148544311523,0.0011436939239501953
10,0.715520441532135,0.000715520465746522,0.9992635250091553,0.9999790191650391,0.0007154941558837891
11,1.1797935962677002,0.0011797936167567968,1.0255848169326782,1.0267646312713623,0.001179814338684082
12,1.167191982269287,0.0011671920074149966,0.9601796865463257,0.9613468647003174,0.0011671781539916992
13,0.969910740852356,0.0009699107613414526,0.9958970546722412,0.9968669414520264,0.0009698867797851562
14,1.033285140991211,0.001033285167068243,0.9989666938781738,1.0,0.0010333061218261719
15,0.6053341031074524,0.00060533412033692,0.9993946552276611,1.0,0.0006053447723388672
16,0.8718093633651733,0.0008718094322830439,0.9769526124000549,0.9778244495391846,0.0008718371391296387
17,1.1809755563735962,0.0011809755815193057,0.9991502165794373,1.000331163406372,0.0011809468269348145
18,1.4345711469650269,0.0014345712261274457,0.9682584404945374,0.9696930050849915,0.0014345645904541016
19,1.1247200965881348,0.001124720205552876,0.9993188381195068,1.0004435777664185,0.001124739646911621
20,0.7228632569313049,0.000722863303963095,1.0207158327102661,1.021438717842102,0.0007228851318359375
21,0.7187790870666504,0.0007187791052274406,0.9992812275886536,1.0,0.0007187724113464355
22,0.6894862651824951,0.0006894862744957209,0.9993104934692383,1.0,0.0006895065307617188
23,0.9238956570625305,0.0009238956845365465,0.9998753070831299,1.0007991790771484,0.0009238719940185547
24,0.9200513362884521,0.0009200513595715165,1.018795371055603,1.019715428352356,0.0009200572967529297
25,1.2357745170593262,0.0012357746018096805,0.946642279624939,0.9478780627250671,0.0012357831001281738
26,1.1005645990371704,0.0011005646083503962,0.9898574948310852,0.990958034992218,0.0011005401611328125
27,0.6853760480880737,0.0006853760569356382,1.0047580003738403,1.0054433345794678,0.0006853342056274414
28,0.5666741728782654,0.0005666742217727005,0.9994333386421204,1.0,0.0005666613578796387
29,0.6743531227111816,0.000674353155773133,0.9993256330490112,1.0,0.0006743669509887695
30,0.866020143032074,0.0008660201565362513,1.0164425373077393,1.0173085927963257,0.0008660554885864258
31,0.9540551900863647,0.0009540552273392677,0.9907819628715515,0.9917359948158264,0.0009540319442749023
32,1.1675453186035156,0.0011675453279167414,1.0026483535766602,1.0038158893585205,0.0011675357818603516
33,1.0193498134613037,0.0010193499037995934,1.0277397632598877,1.0287591218948364,0.0010193586349487305
34,0.7331206798553467,0.0007331207161769271,1.0303618907928467,1.031095027923584,0.0007331371307373047
35,0.5210204124450684,0.0005210204399190843,0.9994789958000183,1.0,0.0005210041999816895
36,0.5535900592803955,0.0005535900709219277,0.9994463920593262,1.0,0.0005536079406738281
37,0.5796619653701782,0.0005796619807370007,0.9994203448295593,1.0,0.0005796551704406738
38,0.7132019400596619,0.0007132019964046776,0.9938392639160156,0.994552493095398,0.0007132291793823242
39,1.1038641929626465,0.0011038642842322588,0.9920966625213623,0.9932005405426025,0.0011038780212402344
40,1.197641134262085,0.0011976411333307624,1.024019479751587,1.0252171754837036,0.0011976957321166992
41,0.7818225622177124,0.000781822600401938,0.9794507026672363,0.9802325367927551,0.0007818341255187988
42,0.8408056497573853,0.0008408057037740946,0.9991592168807983,1.0,0.0008407831192016602
43,0.745833158493042,0.0007458332111127675,0.9992541670799255,1.0,0.0007458329200744629
44,0.7496191263198853,0.0007496191537939012,1.0011873245239258,1.001936912536621,0.0007495880126953125
45,0.9706961512565613,0.0009706962155178189,1.0035336017608643,1.0045043230056763,0.0009707212448120117
46,0.9839678406715393,0.000983967911452055,0.987403392791748,0.9883873462677002,0.0009839534759521484
47,0.8686492443084717,0.0008686492801643908,0.9792776107788086,0.9801462888717651,0.000868678092956543
48,0.7708987593650818,0.0007708987686783075,0.9722411036491394,0.9730120301246643,0.0007709264755249023
49,0.512557864189148,0.0005125578609295189,0.9994874596595764,1.0,0.000512540340423584
50,0.4631257653236389,0.0004631257907021791,0.9995368719100952,1.0,0.00046312808990478516
51,0.6673804521560669,0.0006673804600723088,0.9651555418968201,0.9658229351043701,0.0006673932075500488
52,1.1060835123062134,0.0011060835095122457,1.0037955045700073,1.004901647567749,0.0011061429977416992
53,1.4209438562393188,0.0014209438813850284,1.011987566947937,1.0134085416793823,0.0014209747314453125
54,1.2316440343856812,0.001231644069775939,0.9702697992324829,0.9715014696121216,0.0012316703796386719
55,0.418886661529541,0.00041888668783940375,0.9966126680374146,0.997031569480896,0.0004189014434814453
56,0.48346567153930664,0.0004834657011087984,0.9995165467262268,1.0,0.00048345327377319336
57,0.4486846327781677,0.00044868464465253055,0.9995512366294861,0.9999999403953552,0.0004487037658691406
58,0.5948750972747803,0.0005948751349933445,0.9994051456451416,1.0,0.0005948543548583984
59,0.9566524028778076,0.0009566524531692266,1.024840235710144,1.025796890258789,0.0009566545486450195
60,1.1486093997955322,0.0011486094444990158,0.9911556243896484,0.9923042058944702,0.0011485815048217773
61,0.9579741954803467,0.0009579742327332497,1.0144301652908325,1.0153881311416626,0.0009579658508300781
62,0.6667381525039673,0.0006667381967417896,1.027480959892273,1.0281476974487305,0.0006667375564575195
63,0.5018548965454102,0.0005018549272790551,0.9994981288909912,1.0,0.0005018711090087891
64,0.6631777286529541,0.0006631777505390346,0.999336838722229,1.0,0.0006631612777709961
65,0.773114025592804,0.0007731140358373523,0.9972474575042725,0.998020589351654,0.0007731318473815918
66,1.4745336771011353,0.0014745336957275867,0.9774675965309143,0.9789421558380127,0.0014745593070983887
67,1.4483165740966797,0.0014483166160061955,0.9959798455238342,0.9974281787872314,0.0014483332633972168
68,1.10395348072052,0.0011039535747841,0.9944277405738831,0.9955316781997681,0.0011039376258850098
69,1.1950747966766357,0.0011950748739764094,1.0098729133605957,1.0110679864883423,0.001195073127746582
70,0.668321430683136,0.0006683214451186359,0.9993315935134888,0.9999999403953552,0.0006683468818664551
71,0.6059507727622986,0.0006059508305042982,0.9993940591812134,1.0,0.0006059408187866211
72,0.6564031839370728,0.0006564031937159598,0.9993435740470886,1.0,0.000656425952911377
73,0.9730406999588013,0.0009730407618917525,1.002725601196289,1.0036985874176025,0.0009729862213134766
74,1.1456469297409058,0.0011456470238044858,1.0109339952468872,1.0120795965194702,0.0011456012725830078
75,0.9790318012237549,0.000979031901806593,1.0131903886795044,1.014169454574585,0.0009790658950805664
76,0.7614309191703796,0.0007614309433847666,1.0022393465042114,1.0030007362365723,0.0007613897323608398
77,0.4708481431007385,0.00047084817197173834,0.9994226098060608,0.9998934864997864,0.00047087669372558594
78,0.4817340672016144,0.00048173408140428364,0.9991087317466736,0.9995904564857483,0.00048172473907470703
79,1.2648624181747437,0.0012648624833673239,0.9940427541732788,0.9953076243400574,0.0012648701667785645
80,1.2478116750717163,0.0012478117132559419,0.9846766591072083,0.985924482345581,0.0012478232383728027
81,1.0092849731445312,0.0010092849843204021,1.0060970783233643,1.0071063041687012,0.001009225845336914
82,1.1419422626495361,0.0011419423390179873,1.0022242069244385,1.0033661127090454,0.0011419057846069336
83,0.6758159399032593,0.0006758159724995494,1.0156911611557007,1.016366958618164,0.0006757974624633789
84,0.646812915802002,0.0006468129577115178,0.9993531107902527,0.9999999403953552,0.0006468296051025391
85,0.6459590196609497,0.0006459590513259172,0.9992660880088806,0.9999120235443115,0.0006459355354309082
86,1.606337547302246,0.0016063376097008586,0.9852708578109741,0.9868772029876709,0.0016063451766967773
87,1.131969928741455,0.0011319699697196484,1.029828667640686,1.0309606790542603,0.0011320114135742188
88,1.554681420326233,0.0015546814538538456,0.9995594620704651,1.0011141300201416,0.0015546679496765137
89,0.9923496246337891,0.0009923496982082725,1.0217061042785645,1.0226984024047852,0.0009922981262207031
90,0.5275081992149353,0.0005275082075968385,0.9913656711578369,0.9918931722640991,0.000527501106262207
91,0.33788996934890747,0.000337889970978722,0.9990071654319763,0.999345064163208,0.00033789873123168945
92,0.6952675580978394,0.0006952675757929683,0.9995982050895691,1.000293493270874,0.0006952881813049316
93,1.4305732250213623,0.001430573291145265,1.0003952980041504,1.0018259286880493,0.0014306306838989258
94,0.9327348470687866,0.000932734867092222,0.9873532652854919,0.988286018371582,0.0009327530860900879
95,0.830066442489624,0.0008300665067508817,1.0317139625549316,1.0325440168380737,0.0008300542831420898
96,1.0658867359161377,0.0010658868122845888,1.0159064531326294,1.016972303390503,0.0010658502578735352
97,0.7499984502792358,0.0007499984931200743,1.0125468969345093,1.0132968425750732,0.0007499456405639648
98,0.8868799209594727,0.0008868799777701497,0.9982319474220276,0.9991188049316406,0.0008868575096130371
99,0.6972237229347229,0.0006972237606532872,0.9993028044700623,1.0,0.0006971955299377441
100,1.1656968593597412,0.0011656968854367733,0.9982715845108032,0.9994372725486755,0.0011656880378723145
101,0.8041355013847351,0.0008041355176828802,0.9898400902748108,0.9906442165374756,0.0008041262626647949
102,1.060608148574829,0.0010606081923469901,1.0109776258468628,1.012038230895996,0.0010606050491333008
103,0.795295238494873,0.0007952952873893082,0.9958328604698181,0.9966281652450562,0.0007953047752380371
104,1.0429271459579468,0.001042927149683237,1.0028561353683472,1.003899097442627,0.0010429620742797852
105,0.5271444320678711,0.0005271444679237902,0.9984145164489746,0.9989416599273682,0.0005271434783935547
106,0.8375512361526489,0.0008375512552447617,0.9992282390594482,1.000065803527832,0.0008375644683837891
107,1.2036441564559937,0.00120364420581609,1.0001243352890015,1.0013279914855957,0.0012036561965942383
108,0.7065585851669312,0.0007065586396493018,0.9895237684249878,0.9902303218841553,0.0007065534591674805
109,0.8541722893714905,0.0008541723364032805,1.0261095762252808,1.026963710784912,0.0008541345596313477
110,0.7959895730018616,0.000795989588368684,0.9957616329193115,0.9965575933456421,0.0007959604263305664
111,0.7447817325592041,0.0007447817479260266,1.0205283164978027,1.021273136138916,0.0007448196411132812
112,0.7888029217720032,0.0007888029795140028,0.9998308420181274,1.000619649887085,0.0007888078689575195
113,0.851177990436554,0.0008511780179105699,0.9970946907997131,0.9979458451271057,0.0008511543273925781
114,0.9455825090408325,0.0009455825784243643,1.0036768913269043,1.004622459411621,0.0009455680847167969
115,0.7530249953269958,0.0007530250586569309,1.0057650804519653,1.0065181255340576,0.0007530450820922852
116,0.7245752811431885,0.0007245753076858819,0.9892985820770264,0.990023136138916,0.0007245540618896484
117,0.8584768772125244,0.0008584769093431532,1.0014140605926514,1.0022724866867065,0.0008584260940551758
118,0.8089538812637329,0.000808953947853297,0.9813265204429626,0.9821354746818542,0.0008089542388916016
119,0.7520971298217773,0.0007520971703343093,0.9978147745132446,0.9985668659210205,0.0007520914077758789
120,0.6728508472442627,0.0006728508742526174,1.002350926399231,1.0030237436294556,0.0006728172302246094
121,1.1015543937683105,0.0011015544878318906,0.9808274507522583,0.9819290041923523,0.0011015534400939941
122,0.913327693939209,0.000913327734451741,1.000718116760254,1.001631498336792,0.0009133815765380859
123,0.7819105982780457,0.0007819106103852391,1.0003074407577515,1.001089334487915,0.0007818937301635742
124,0.9865270256996155,0.0009865270694717765,1.0133461952209473,1.0143327713012695,0.0009865760803222656
125,0.8642883896827698,0.0008642884204164147,0.9587340354919434,0.9595983028411865,0.0008642673492431641
126,0.7254307270050049,0.0007254307856783271,0.9984435439109802,0.9991689920425415,0.0007254481315612793
127,0.7915283441543579,0.0007915283786132932,0.9961571097373962,0.9969486594200134,0.0007915496826171875
128,1.160774827003479,0.0011607748456299305,0.9984806180000305,0.9996414184570312,0.0011608004570007324
129,0.6719062328338623,0.0006719062803313136,0.9907728433609009,0.9914447665214539,0.0006719231605529785
130,0.791333794593811,0.0007913338486105204,0.9899289608001709,0.990720272064209,0.0007913112640380859
131,0.8358597159385681,0.0008358597406186163,1.004560112953186,1.0053960084915161,0.0008358955383300781
132,1.0043741464614868,0.0010043742367997766,0.9869846105575562,0.9879890084266663,0.0010043978691101074
133,0.589880108833313,0.0005898801609873772,0.9992532730102539,0.999843180179596,0.000589907169342041
134,0.868356466293335,0.0008683564956299961,0.9993703961372375,1.0002387762069702,0.000868380069732666
135,0.8611887693405151,0.0008611888042651117,1.0008599758148193,1.0017211437225342,0.0008611679077148438
136,0.7789905667304993,0.000778990623075515,0.9933934211730957,0.9941723942756653,0.0007789731025695801
137,1.0426604747772217,0.0010426605585962534,1.0182030200958252,1.0192456245422363,0.0010426044464111328
138,0.7750958204269409,0.0007750958320684731,1.0050138235092163,1.0057889223098755,0.0007750988006591797
139,0.7348337173461914,0.0007348337676376104,1.0158305168151855,1.0165653228759766,0.0007348060607910156
140,0.7942159175872803,0.0007942159427329898,0.9992236495018005,1.0000178813934326,0.0007942318916320801
141,0.4471234381198883,0.00044712345697917044,0.9995529055595398,1.0,0.0004470944404602051
142,0.9311960935592651,0.0009311961475759745,1.0085279941558838,1.009459137916565,0.0009311437606811523
143,1.0027844905853271,0.0010027845855802298,0.9587330222129822,0.9597358107566833,0.0010027885437011719
144,0.9287422895431519,0.0009287423454225063,1.0014680624008179,1.002396821975708,0.0009287595748901367
145,1.149491786956787,0.001149491872638464,0.9788078665733337,0.9799573421478271,0.0011494755744934082
146,0.973404586315155,0.0009734046179801226,0.9944081902503967,0.9953815937042236,0.0009734034538269043
147,0.4594346582889557,0.00045943466830067337,0.9995405673980713,1.0,0.00045943260192871094
148,0.5311890244483948,0.0005311890272423625,0.9978936910629272,0.9984248876571655,0.0005311965942382812
149,0.7017940878868103,0.0007017941097728908,1.005880355834961,1.0065821409225464,0.0007017850875854492
150,0.9318932890892029,0.000931893358938396,0.9864538908004761,0.9873858094215393,0.0009319186210632324
151,1.2480454444885254,0.0012480454752221704,0.9751451015472412,0.9763931632041931,0.0012480616569519043
152,1.0376485586166382,0.0010376486461609602,0.9908559918403625,0.9918936491012573,0.0010376572608947754
153,0.5171223878860474,0.0005171223892830312,0.987573504447937,0.9880906343460083,0.0005171298980712891
154,0.7059789299964905,0.0007059789495542645,0.9992941617965698,1.0000001192092896,0.0007059574127197266
155,0.49654489755630493,0.0004965449334122241,0.9995034337043762,1.0,0.0004965662956237793
156,0.614069938659668,0.0006140699842944741,0.9920905828475952,0.9927046298980713,0.0006140470504760742
157,0.9760241508483887,0.0009760241955518723,0.9973061680793762,0.9982821941375732,0.0009760260581970215
158,1.1146596670150757,0.0011146597098559141,1.0164110660552979,1.0175256729125977,0.0011146068572998047
159,0.9709601998329163,0.0009709602454677224,0.9813871383666992,0.9823580980300903,0.0009709596633911133
160,0.6802170872688293,0.0006802171119488776,0.9874535799026489,0.9881337881088257,0.0006802082061767578
161,0.6484493017196655,0.0006484493496827781,0.9993515610694885,1.0,0.0006484389305114746
162,0.43725553154945374,0.00043725554132834077,0.999562680721283,0.9999999403953552,0.0004372596740722656
163,0.6714087724685669,0.0006714087794534862,1.0181013345718384,1.0187727212905884,0.00067138671875
164,0.8734196424484253,0.000873419689014554,1.0284150838851929,1.0292885303497314,0.0008734464645385742
165,1.2782107591629028,0.001278210780583322,1.0026421546936035,1.003920316696167,0.0012781620025634766
166,0.8413354754447937,0.000841335509903729,0.9909433722496033,0.9917846918106079,0.0008413195610046387
167,0.6670054197311401,0.0006670054281130433,0.9709601998329163,0.9716271758079529,0.0006669759750366211
168,0.4016103148460388,0.0004016103339381516,0.999578058719635,0.9999796748161316,0.00040161609649658203
169,0.4476305842399597,0.000447630591224879,0.9995688199996948,1.000016450881958,0.0004476308822631836
170,0.7292261123657227,0.0007292261580005288,0.9977737665176392,0.9985029697418213,0.0007292032241821289
171,1.1706281900405884,0.0011706282384693623,0.9954163432121277,0.9965869784355164,0.0011706352233886719
172,1.0713006258010864,0.0010713007068261504,1.0038297176361084,1.0049010515213013,0.001071333885192871
173,1.3578605651855469,0.001357860630378127,1.0153045654296875,1.0166624784469604,0.0013579130172729492
174,0.6311638355255127,0.000631163886282593,0.9815307259559631,0.9821618795394897,0.0006311535835266113
175,0.5000050663948059,0.0005000050878152251,0.9994999766349792,1.0,0.000500023365020752
176,0.5903016924858093,0.0005903017008677125,0.9994097948074341,1.0000001192092896,0.0005903244018554688
177,0.45889902114868164,0.00045889904140494764,1.0274434089660645,1.027902364730835,0.0004589557647705078
178,0.681951642036438,0.0006819517002440989,1.0092402696609497,1.0099222660064697,0.0006819963455200195
179,1.2293304204940796,0.0012293304316699505,0.9838539361953735,0.985083281993866,0.0012293457984924316
180,1.1523423194885254,0.0011523424182087183,0.9951299428939819,0.9962822794914246,0.001152336597442627
181,0.7123361825942993,0.0007123362156562507,1.0263550281524658,1.0270674228668213,0.0007123947143554688
182,0.5455273389816284,0.0005455273785628378,0.9994544982910156,1.0,0.000545501708984375
183,0.5022947788238525,0.0005022948025725782,0.9997472167015076,1.0002495050430298,0.0005022883415222168
184,0.9899555444717407,0.0009899556171149015,1.013375163078308,1.0143650770187378,0.0009899139404296875
185,1.3541256189346313,0.0013541256776079535,1.010629415512085,1.0119835138320923,0.0013540983200073242
186,1.0652997493743896,0.0010652998462319374,0.9965385794639587,0.9976038932800293,0.0010653138160705566
187,0.8365434408187866,0.0008365435060113668,0.9885371923446655,0.9893737435340881,0.0008365511894226074
188,0.9225088357925415,0.0009225088870152831,1.0188124179840088,1.0197349786758423,0.0009225606918334961
189,0.8075050711631775,0.0008075051009654999,0.9991924166679382,0.9999999403953552,0.0008075237274169922
190,1.2662290334701538,0.0012662290828302503,0.9987337589263916,1.0,0.0012662410736083984
191,0.6105971336364746,0.0006105971406213939,0.9965287446975708,0.9971393346786499,0.0006105899810791016
192,1.4286689758300781,0.001428669085726142,0.9940195083618164,0.9954481720924377,0.0014286637306213379
193,1.2514398097991943,0.0012514399131760001,0.9751691818237305,0.9764206409454346,0.0012514591217041016
194,1.1100616455078125,0.0011100616538897157,0.9851009845733643,0.9862110614776611,0.001110076904296875
195,0.9435177445411682,0.0009435177780687809,1.0111864805221558,1.0121300220489502,0.0009435415267944336
196,0.679976224899292,0.0006799762486480176,0.9991875886917114,0.9998675584793091,0.0006799697875976562
197,1.3093013763427734,0.001309301471337676,0.9986907243728638,1.0,0.0013092756271362305
198,1.1858305931091309,0.001185830682516098,1.0075340270996094,1.008719801902771,0.001185774803161621
199,0.8833074569702148,0.0008833074825815856,0.9867014288902283,0.9875847101211548,0.0008832812309265137
200,0.677773118019104,0.0006777731468901038,0.9572862386703491,0.9579640030860901,0.0006777644157409668
201,0.9957639575004578,0.0009957640431821346,1.0707896947860718,1.0717854499816895,0.0009957551956176758
202,0.8496334552764893,0.000849633477628231,1.0074535608291626,1.008303165435791,0.000849604606628418
203,0.6789560317993164,0.0006789560429751873,0.9992857575416565,0.999964714050293,0.0006789565086364746
204,1.513298511505127,0.0015132986009120941,0.997502863407135,0.9990161657333374,0.0015133023262023926
205,1.2508376836776733,0.0012508376967161894,0.996207594871521,0.9974584579467773,0.0012508630752563477
206,0.6287838816642761,0.0006287838914431632,1.002163290977478,1.0027921199798584,0.0006288290023803711
207,1.0912625789642334,0.0010912626748904586,0.9909842610359192,0.992075502872467,0.0010912418365478516
208,0.9417759776115417,0.0009417760302312672,0.9938970804214478,0.9948388338088989,0.0009417533874511719
209,1.0623165369033813,0.0010623165871948004,1.0040174722671509,1.005079746246338,0.0010622739791870117
210,1.400867223739624,0.0014008672442287207,0.9987134337425232,1.0001143217086792,0.0014008879661560059
211,0.7109436988830566,0.0007109437137842178,0.999196469783783,0.9999074339866638,0.0007109642028808594
212,1.336460828781128,0.0013364609330892563,0.9956426024436951,0.9969790577888489,0.0013364553451538086
213,0.9466947317123413,0.000946694752201438,1.0161688327789307,1.0171154737472534,0.0009466409683227539
214,1.018150806427002,0.001018150825984776,1.0091911554336548,1.010209321975708,0.0010181665420532227
215,0.657046914100647,0.0006570469704456627,1.001143455505371,1.001800537109375,0.0006570816040039062
216,1.0487589836120605,0.0010487589752301574,1.0007115602493286,1.0017603635787964,0.0010488033294677734
217,1.314009666442871,0.0013140097726136446,0.9985724091529846,0.9998863935470581,0.0013139843940734863
218,1.0645122528076172,0.0010645122965797782,0.9978132247924805,0.998877763748169,0.0010645389556884766
219,0.8803480863571167,0.000880348146893084,0.9861884713172913,0.9870688319206238,0.0008803606033325195
220,1.2842612266540527,0.0012842612341046333,0.9984915256500244,0.999775767326355,0.0012842416763305664
221,0.9666006565093994,0.0009666007244959474,1.0344523191452026,1.0354188680648804,0.0009665489196777344
222,0.7906537055969238,0.0007906537503004074,0.9928887486457825,0.993679404258728,0.0007906556129455566
223,0.8315764665603638,0.0008315765298902988,0.997745156288147,0.9985767602920532,0.00083160400390625
224,1.2588634490966797,0.00125886348541826,0.996951162815094,0.9982100129127502,0.00125885009765625
225,0.9587341547012329,0.0009587341919541359,1.0007073879241943,1.0016660690307617,0.0009586811065673828
226,1.5876119136810303,0.0015876119723543525,0.9839465618133545,0.9855341911315918,0.0015876293182373047
227,0.7784199118614197,0.0007784199551679194,0.9897815585136414,0.990559995174408,0.0007784366607666016
228,0.9711291790008545,0.0009711292223073542,0.9931947588920593,0.9941658973693848,0.0009711384773254395
229,0.5544151067733765,0.0005544151063077152,1.010975956916809,1.0115303993225098,0.0005544424057006836
230,0.7722522616386414,0.0007722522714175284,0.994813084602356,0.9955853223800659,0.0007722377777099609
231,1.0197064876556396,0.0010197064839303493,0.9991757869720459,1.0001955032348633,0.0010197162628173828
232,0.8941321969032288,0.0008941322448663414,0.9989769458770752,0.9998710751533508,0.0008941292762756348
233,1.2880855798721313,0.00128808559384197,1.0117230415344238,1.01301109790802,0.0012880563735961914
234,0.8383536338806152,0.0008383536478504539,1.003649115562439,1.0044875144958496,0.0008383989334106445
235,0.8279610872268677,0.0008279611356556416,0.9930108785629272,0.9938388466835022,0.0008279681205749512
236,0.5810865163803101,0.0005810865550301969,0.9719945788383484,0.9725756645202637,0.0005810856819152832
237,0.91361004114151,0.0009136100998148322,0.9791777729988098,0.980091392993927,0.0009136199951171875
238,0.7530388832092285,0.0007530389120802283,1.0004161596298218,1.001169204711914,0.0007530450820922852
239,0.7965748310089111,0.000796574866399169,0.9992033839225769,0.9999999403953552,0.0007965564727783203
240,1.3406400680541992,0.0013406401267275214,0.9924278259277344,0.9937684535980225,0.001340627670288086
241,0.8195898532867432,0.0008195898844860494,1.006797194480896,1.0076167583465576,0.0008195638656616211
242,1.1267499923706055,0.0011267500231042504,1.010722279548645,1.011849045753479,0.0011267662048339844
243,0.7559959292411804,0.0007559959776699543,0.9832856059074402,0.9840416312217712,0.0007560253143310547
244,1.0199570655822754,0.0010199571261182427,1.0024449825286865,1.003464937210083,0.0010199546813964844
245,1.0385780334472656,0.0010385781060904264,0.9989614486694336,1.0,0.0010385513305664062
246,0.8791027665138245,0.0008791027939878404,0.9991146326065063,0.9999937415122986,0.0008791089057922363
247,1.0475022792816162,0.0010475022718310356,0.9989525079727173,1.0,0.0010474920272827148
248,0.581693172454834,0.0005816931952722371,0.9901450872421265,0.9907267689704895,0.0005816817283630371
249,0.8624857664108276,0.0008624857873655856,0.9933096170425415,0.9941720962524414,0.0008624792098999023
250,0.7524910569190979,0.0007524911197833717,1.0175020694732666,1.0182545185089111,0.0007524490356445312
251,0.8457241058349609,0.0008457241347059608,0.9969853758811951,0.9978311061859131,0.0008457303047180176
252,0.8207181096076965,0.0008207181235775352,0.9989519715309143,0.9997726678848267,0.0008206963539123535
253,0.5464669466018677,0.000546466966625303,0.9994820356369019,1.0000284910202026,0.0005464553833007812
254,0.7838053703308105,0.0007838053861632943,0.9992161989212036,1.0,0.0007838010787963867
255,0.7379081845283508,0.0007379082380793989,0.9936843514442444,0.9944222569465637,0.0007379055023193359
256,0.39403972029685974,0.0003940397291444242,1.008327603340149,1.0087215900421143,0.00039398670196533203
257,0.9585205316543579,0.0009585205698385835,0.9854245781898499,0.9863830804824829,0.0009585022926330566
258,1.125544548034668,0.0011255446588620543,1.0248534679412842,1.0259790420532227,0.0011255741119384766
259,0.8690693378448486,0.0008690693648532033,0.999058187007904,0.999927282333374,0.0008690953254699707
260,0.43710029125213623,0.00043710030149668455,0.9995629191398621,1.0,0.00043708086013793945
261,0.6880355477333069,0.0006880355649627745,1.0003063678741455,1.0009944438934326,0.0006880760192871094
262,0.7954782247543335,0.0007954782340675592,1.0042942762374878,1.0050897598266602,0.0007954835891723633
263,0.6185956597328186,0.0006185956881381571,1.023808240890503,1.024426817893982,0.0006185770034790039
264,0.7735480070114136,0.0007735480321571231,1.002087950706482,1.002861499786377,0.0007735490798950195
265,0.6481966972351074,0.0006481967284344137,1.0046958923339844,1.005344033241272,0.0006481409072875977
266,0.5805203914642334,0.0005805204273201525,0.9998600482940674,1.0004405975341797,0.0005805492401123047
267,0.5041589140892029,0.0005041589611209929,0.9995225667953491,1.0000267028808594,0.0005041360855102539
268,0.9946881532669067,0.000994688249193132,0.9990053176879883,1.0,0.0009946823120117188
269,0.4271593987941742,0.00042715942254289985,1.0016636848449707,1.0020908117294312,0.0004271268844604492
270,0.4381519854068756,0.0004381519975140691,0.9793354868888855,0.9797736406326294,0.0004381537437438965
271,0.6651241183280945,0.00066512415651232,0.9959887862205505,0.9966539144515991,0.000665128231048584
272,0.6258294582366943,0.0006258295034058392,1.025411605834961,1.0260374546051025,0.0006258487701416016
273,0.4693821668624878,0.0004693821829278022,0.998664915561676,0.9991343021392822,0.00046938657760620117
274,0.6476356983184814,0.0006476357229985297,0.9993916749954224,1.0000393390655518,0.0006476640701293945
275,0.7328875064849854,0.0007328875362873077,1.0143648386001587,1.015097737312317,0.0007328987121582031
276,0.8208745718002319,0.0008208745857700706,0.9973206520080566,0.9981415271759033,0.0008208751678466797
277,0.5510203838348389,0.0005510204355232418,1.006576418876648,1.0071274042129517,0.0005509853363037109
278,0.9475288391113281,0.0009475288679823279,1.0122921466827393,1.0132396221160889,0.0009474754333496094
279,0.6823627948760986,0.0006823628209531307,1.0074794292449951,1.0081617832183838,0.0006823539733886719
280,0.5049995183944702,0.0005049995379522443,0.999161958694458,0.9996669292449951,0.0005049705505371094
281,0.37564021348953247,0.00037564022932201624,1.0009702444076538,1.0013458728790283,0.0003756284713745117
282,0.8406785726547241,0.0008406786364503205,0.981576144695282,0.9824168086051941,0.0008406639099121094
283,0.4813971519470215,0.0004813971754629165,1.0180230140686035,1.0185043811798096,0.0004813671112060547
284,0.8310031890869141,0.0008310032426379621,1.0133767127990723,1.0142077207565308,0.0008310079574584961
285,0.6238308548927307,0.0006238308851607144,1.0104981660842896,1.0111219882965088,0.0006238222122192383
286,0.5950648188591003,0.0005950648337602615,0.9967635869979858,0.9973586797714233,0.0005950927734375
287,0.5828314423561096,0.0005828314460813999,0.9994488954544067,1.0000317096710205,0.0005828142166137695
288,0.49129006266593933,0.000491290062200278,0.9992220401763916,0.9997133016586304,0.0004912614822387695
289,0.9720065593719482,0.0009720065863803029,0.996094286441803,0.9970663189888,0.0009720325469970703
290,0.6960341334342957,0.0006960341706871986,1.0089677572250366,1.0096638202667236,0.0006960630416870117
291,0.8868780136108398,0.0008868780569173396,0.9930621981620789,0.9939490556716919,0.0008868575096130371
292,0.6453537344932556,0.0006453537498600781,0.9924454092979431,0.9930907487869263,0.0006453394889831543
293,0.7640244364738464,0.000764024443924427,0.9966357946395874,0.9973998069763184,0.000764012336730957
294,0.7453231811523438,0.0007453231955878437,0.9998226165771484,1.00056791305542,0.0007452964782714844
295,0.5711789131164551,0.0005711789126507938,0.9988850951194763,0.9994562864303589,0.0005711913108825684
296,0.8479464054107666,0.000847946444991976,1.012144923210144,1.0129928588867188,0.000847935676574707
297,0.7270036935806274,0.0007270037312991917,1.0051230192184448,1.005850076675415,0.0007270574569702148
298,0.8071109056472778,0.0008071109186857939,1.008177638053894,1.0089848041534424,0.0008071660995483398
299,0.6533790826797485,0.0006533791311085224,0.98166823387146,0.9823216199874878,0.000653386116027832
300,0.6666069030761719,0.0006666069384664297,1.0024092197418213,1.0030758380889893,0.0006666183471679688
301,0.6384261846542358,0.0006384262233041227,0.9992850422859192,0.9999234676361084,0.000638425350189209
302,0.5590295791625977,0.0005590295768342912,0.9994409680366516,1.0,0.0005590319633483887
303,1.021427869796753,0.0010214279172942042,0.9993951916694641,1.00041663646698,0.0010214447975158691
304,0.6431186199188232,0.0006431186338886619,0.9749077558517456,0.9755508899688721,0.0006431341171264648
305,0.8006588220596313,0.0008006588323041797,0.9983775019645691,0.9991781711578369,0.0008006691932678223
306,0.5736395120620728,0.0005736395251005888,1.0127193927764893,1.0132930278778076,0.0005736351013183594
307,0.6243307590484619,0.0006243307725526392,0.9890643954277039,0.9896887540817261,0.0006243586540222168
308,0.6329969763755798,0.0006329970201477408,0.9993131160736084,0.999946117401123,0.0006330013275146484
309,0.8188575506210327,0.0008188575739040971,0.9991811513900757,1.0,0.0008188486099243164
310,1.0311036109924316,0.001031103660352528,1.000840425491333,1.0018715858459473,0.0010311603546142578
311,0.7123896479606628,0.0007123897084966302,0.9932597875595093,0.9939721822738647,0.0007123947143554688
312,0.70570969581604,0.0007057097391225398,0.9963465332984924,0.9970522522926331,0.000705718994140625
313,0.6403244733810425,0.0006403244915418327,1.002215027809143,1.0028553009033203,0.0006402730941772461
314,0.9516521692276001,0.0009516522404737771,1.0108786821365356,1.0118303298950195,0.0009516477584838867
315,0.7332789897918701,0.0007332790410146117,0.9992548227310181,0.9999880790710449,0.0007332563400268555
316,0.44746485352516174,0.0004474648740142584,0.9995525479316711,1.0,0.0004474520683288574
317,0.7436970472335815,0.000743697106372565,1.0018869638442993,1.0026307106018066,0.0007437467575073242
318,0.647706151008606,0.000647706154268235,0.982579231262207,0.9832269549369812,0.0006477236747741699
319,0.9698540568351746,0.0009698541252873838,0.9941938519477844,0.9951636791229248,0.0009698271751403809
320,0.7937806844711304,0.0007937807240523398,0.979905903339386,0.9806996583938599,0.000793755054473877
321,0.7176456451416016,0.0007176456856541336,0.9857932329177856,0.9865108728408813,0.0007176399230957031
322,0.62701815366745,0.0006270181620493531,0.9993729591369629,1.0,0.0006270408630371094
323,0.4121541380882263,0.00041215415694750845,0.9995879530906677,1.0000001192092896,0.00041216611862182617
324,0.7741249203681946,0.0007741249282844365,0.9994628429412842,1.000236988067627,0.0007741451263427734
325,0.6748281121253967,0.0006748281302861869,1.0106199979782104,1.0112948417663574,0.0006748437881469727
326,1.4532002210617065,0.0014532002387568355,0.990462601184845,0.9919158220291138,0.0014532208442687988
327,0.8983817100524902,0.00089838175335899,1.0122241973876953,1.01312255859375,0.0008983612060546875
328,0.5155264735221863,0.0005155265098437667,0.997813880443573,0.9983294010162354,0.0005155205726623535
329,0.6421167850494385,0.0006421168218366802,0.9993579983711243,1.0000001192092896,0.0006421208381652832
330,0.7344983220100403,0.000734498375095427,0.9992654323577881,0.9999999403953552,0.0007345080375671387
331,1.0321683883666992,0.0010321683948859572,1.010216474533081,1.0112485885620117,0.001032114028930664
332,1.3080675601959229,0.0013080675853416324,1.0127719640731812,1.0140800476074219,0.0013080835342407227
333,1.109101414680481,0.0011091014603152871,0.9831638932228088,0.9842730164527893,0.0011091232299804688
334,0.9166073799133301,0.0009166074451059103,1.0038365125656128,1.0047531127929688,0.000916600227355957
335,0.797857940196991,0.0007978579960763454,1.003503680229187,1.0043015480041504,0.0007978677749633789
336,0.6005899906158447,0.0006005900213494897,0.9993994235992432,1.0,0.0006005764007568359
337,0.6111617088317871,0.0006111617549322546,0.9993888139724731,1.0,0.0006111860275268555
338,1.219812273979187,0.0012198123149573803,1.0040017366409302,1.0052216053009033,0.0012198686599731445
339,0.9674330353736877,0.0009674330940470099,0.9976786971092224,0.9986461400985718,0.0009674429893493652
340,1.0489838123321533,0.001048983889631927,1.01078462600708,1.011833667755127,0.001049041748046875
341,0.666170597076416,0.0006661706138402224,1.0028858184814453,1.003551959991455,0.0006661415100097656
342,0.7573428153991699,0.000757342844735831,1.0196962356567383,1.0204535722732544,0.0007573366165161133
343,0.8571327924728394,0.0008571328362450004,0.9990352392196655,0.9998923540115356,0.0008571147918701172
344,0.855050802230835,0.0008550508646294475,0.9991449117660522,0.9999999403953552,0.0008550286293029785
345,1.2879040241241455,0.0012879041023552418,1.0039567947387695,1.0052447319030762,0.0012879371643066406
346,0.9505305290222168,0.0009505305788479745,1.0011235475540161,1.002074122428894,0.0009505748748779297
347,1.0132486820220947,0.0010132486931979656,0.9974719882011414,0.9984852075576782,0.0010132193565368652
348,0.7057396173477173,0.0007057396578602493,1.0002567768096924,1.000962495803833,0.000705718994140625
349,1.077622652053833,0.001077622757293284,0.9984686970710754,0.9995463490486145,0.0010776519775390625
350,0.7090969085693359,0.0007090969593264163,0.9989445805549622,0.999653697013855,0.0007091164588928223
351,0.8684422969818115,0.0008684423519298434,0.9991394281387329,1.0000078678131104,0.0008684396743774414
352,1.3098938465118408,0.0013098939089104533,0.993610143661499,0.994920015335083,0.0013098716735839844
353,1.050564169883728,0.0010505642276257277,1.0020664930343628,1.0031170845031738,0.0010505914688110352
354,0.9060972929000854,0.0009060973534360528,0.9959689974784851,0.9968751072883606,0.0009061098098754883
355,0.7657901048660278,0.0007657901151105762,1.0183725357055664,1.0191383361816406,0.0007658004760742188
356,0.7866153717041016,0.0007866154192015529,1.0037343502044678,1.0045210123062134,0.0007866621017456055
357,0.8521794080734253,0.0008521794225089252,0.9990904927253723,0.9999426603317261,0.0008521676063537598
358,0.7366385459899902,0.0007366385543718934,0.999569833278656,1.000306487083435,0.0007366538047790527
359,1.4116337299346924,0.001411633798852563,0.9972228407859802,0.9986344575881958,0.0014116168022155762
360,0.6805379390716553,0.0006805379525758326,1.0034459829330444,1.0041265487670898,0.0006805658340454102
361,0.8120729327201843,0.0008120729471556842,0.9853416085243225,0.9861536622047424,0.0008120536804199219
362,0.9692587852478027,0.0009692588355392218,0.9920080304145813,0.9929772615432739,0.000969231128692627
363,1.0007503032684326,0.001000750344246626,0.9966306686401367,0.9976314306259155,0.0010007619857788086
364,0.926052987575531,0.0009260530350729823,1.000122308731079,1.0010483264923096,0.0009260177612304688
365,0.816256046295166,0.0008162560989148915,0.9988933205604553,0.9997096061706543,0.0008162856101989746
366,1.0397363901138306,0.0010397364385426044,0.9971449375152588,0.9981846809387207,0.001039743423461914
367,1.0137470960617065,0.0010137471836060286,0.9906558990478516,0.9916696548461914,0.0010137557983398438
368,0.9662514328956604,0.0009662514785304666,0.9912212491035461,0.9921875,0.0009662508964538574
369,0.9337319135665894,0.0009337319643236697,1.0180565118789673,1.0189902782440186,0.0009337663650512695
370,0.9708741903305054,0.0009708742145448923,1.0073105096817017,1.0082813501358032,0.0009708404541015625
371,0.7720625996589661,0.0007720626308582723,0.9992334246635437,1.0000054836273193,0.0007720589637756348
372,1.2782673835754395,0.0012782674748450518,0.998721718788147,1.0,0.0012782812118530273
373,1.1236510276794434,0.0011236510472372174,0.9997518062591553,1.000875473022461,0.001123666763305664
374,0.7653356790542603,0.0007653356879018247,0.9929123520851135,0.9936776757240295,0.0007653236389160156
375,0.8921523094177246,0.0008921523694880307,0.9954921007156372,0.9963842630386353,0.0008921623229980469
376,0.9068102240562439,0.000906810280866921,0.9946057200431824,0.9955125451087952,0.000906825065612793
377,0.8403815627098083,0.0008403816027566791,1.0210187435150146,1.0218591690063477,0.0008404254913330078
378,0.9031781554222107,0.0009031781810335815,0.9959874153137207,0.9968906044960022,0.0009031891822814941
379,1.1285420656204224,0.0011285421205684543,0.9982233047485352,0.9993518590927124,0.001128554344177246
380,1.2212930917739868,0.001221293117851019,1.0012264251708984,1.0024477243423462,0.001221299171447754
381,0.6540250182151794,0.0006540250615216792,0.9965935945510864,0.9972476363182068,0.0006540417671203613
382,0.9951701760292053,0.0009951702086254954,0.998199462890625,0.9991946220397949,0.0009951591491699219
383,0.9607545137405396,0.0009607545798644423,1.004273772239685,1.0052344799041748,0.0009607076644897461
384,1.0442917346954346,0.0010442917700856924,0.999335527420044,1.0003798007965088,0.0010442733764648438
385,0.7915565967559814,0.0007915566093288362,0.9989702105522156,0.9997617602348328,0.0007915496826171875
386,1.1992391347885132,0.0011992391664534807,0.9988100528717041,1.000009298324585,0.0011992454528808594
387,1.5971441268920898,0.0015971441753208637,1.0008201599121094,1.0024173259735107,0.0015971660614013672
388,0.7789908647537231,0.0007789909141138196,0.9978501796722412,0.9986291527748108,0.0007789731025695801
389,1.1413999795913696,0.0011414000764489174,1.0176056623458862,1.018747091293335,0.0011414289474487305
390,1.2008966207504272,0.0012008966878056526,1.009541630744934,1.0107425451278687,0.0012009143829345703
391,0.731630802154541,0.000731630832888186,0.9987857341766357,0.9995173811912537,0.0007316470146179199
392,0.808014452457428,0.0008080144762061536,0.9993895292282104,1.0001975297927856,0.0008080005645751953
393,0.840132474899292,0.0008401325321756303,0.9991598725318909,1.0,0.0008401274681091309
394,1.4365696907043457,0.0014365697279572487,0.9942224621772766,0.9956590533256531,0.0014365911483764648
395,0.8658372759819031,0.0008658373262733221,0.9922974109649658,0.9931632280349731,0.0008658170700073242
396,1.0335168838500977,0.0010335169499740005,0.986687183380127,0.9877207279205322,0.0010335445404052734
397,0.9883394241333008,0.0009883394232019782,1.0187352895736694,1.019723653793335,0.0009883642196655273
398,0.7507491111755371,0.0007507491391152143,1.010305404663086,1.0110561847686768,0.0007507801055908203
399,0.7064752578735352,0.0007064752862788737,0.9993143677711487,1.0000208616256714,0.0007064938545227051
400,0.7197116613388062,0.0007197117083705962,0.9992802739143372,1.0,0.0007197260856628418
401,1.476271629333496,0.001476271660067141,0.9985235929489136,0.9999998807907104,0.001476287841796875
402,0.9865918159484863,0.000986591912806034,1.0026519298553467,1.003638505935669,0.0009865760803222656
403,0.6761016845703125,0.0006761017139069736,0.9921978116035461,0.9928739070892334,0.0006760954856872559
404,0.8572810888290405,0.0008572811493650079,1.0065484046936035,1.0074056386947632,0.000857234001159668
405,0.6090047955513,0.0006090048118494451,1.0082659721374512,1.0088750123977661,0.0006090402603149414
406,0.7146185636520386,0.0007146185962483287,0.9992853999137878,1.0,0.0007146000862121582
407,0.4752812385559082,0.000475281267426908,0.999524712562561,1.0,0.00047528743743896484
408,0.9884873628616333,0.0009884873870760202,0.9995063543319702,1.0004948377609253,0.0009884834289550781
409,1.1900506019592285,0.0011900506215170026,1.0004688501358032,1.0016589164733887,0.0011900663375854492
410,0.6729788780212402,0.000672978931106627,0.9937527775764465,0.9944257736206055,0.0006729960441589355
411,0.6885796785354614,0.0006885796901769936,1.009130597114563,1.0098191499710083,0.0006885528564453125
412,0.8226538896560669,0.0008226539357565343,1.0043693780899048,1.0051920413970947,0.0008226633071899414
413,0.6354831457138062,0.0006354831857606769,0.9993644952774048,1.0,0.0006355047225952148
414,0.5467182397842407,0.0005467182490974665,0.9994683265686035,1.0000150203704834,0.0005466938018798828
415,1.3792208433151245,0.0013792208628728986,1.0073217153549194,1.008700966835022,0.001379251480102539
416,1.0273815393447876,0.0010273816296830773,1.001788854598999,1.0028162002563477,0.0010273456573486328
417,0.7379240393638611,0.0007379240705631673,0.9917415976524353,0.9924795031547546,0.0007379055023193359
418,0.9443594217300415,0.0009443594608455896,1.008780837059021,1.0097252130508423,0.0009443759918212891
419,0.7083095908164978,0.0007083096425049007,0.9962359070777893,0.9969441890716553,0.0007082819938659668
420,0.5393790006637573,0.0005393790197558701,0.9995515942573547,1.0000909566879272,0.0005393624305725098
421,0.8331931233406067,0.0008331931894645095,0.9990177154541016,0.9998509287834167,0.0008332133293151855
422,1.3269728422164917,0.0013269728515297174,0.9986738562583923,1.0000008344650269,0.0013269782066345215
423,0.9804381728172302,0.0009804381988942623,1.000995397567749,1.0019758939743042,0.0009804964065551758
424,0.6944912672042847,0.0006944913184270263,1.0020618438720703,1.0027563571929932,0.0006945133209228516
425,0.653961718082428,0.0006539617315866053,1.0025880336761475,1.003242015838623,0.0006539821624755859
426,0.9066903591156006,0.0009066903730854392,0.9942859411239624,0.9951926469802856,0.0009067058563232422
427,0.4484940767288208,0.0004484941018745303,0.9991919994354248,0.9996404647827148,0.00044846534729003906
428,0.8897062540054321,0.000889706308953464,0.9998536705970764,1.0007433891296387,0.0008897185325622559
429,0.9869421720504761,0.0009869422065094113,0.9856503009796143,0.9866372346878052,0.000986933708190918
430,1.199090838432312,0.0011990908533334732,1.010749101638794,1.0119482278823853,0.0011991262435913086
431,0.7840995788574219,0.0007840996258892119,0.9889354705810547,0.989719569683075,0.0007840991020202637
432,0.617706298828125,0.0006177063332870603,1.007594347000122,1.0082120895385742,0.0006177425384521484
433,1.387490153312683,0.0013874901924282312,1.0155943632125854,1.016981840133667,0.001387476921081543
434,0.8436843752861023,0.000843684421852231,0.9990079998970032,0.9998517036437988,0.0008437037467956543
435,0.6753084659576416,0.0006753085181117058,1.0001628398895264,1.0008381605148315,0.0006753206253051758
436,1.2710230350494385,0.0012710230657830834,0.9980118274688721,0.9992828369140625,0.0012710094451904297
437,0.7464680671691895,0.0007464680820703506,0.9977759122848511,0.9985224008560181,0.0007464885711669922
438,1.0213121175765991,0.0010213122004643083,0.9986831545829773,0.9997044801712036,0.0010213255882263184
439,0.7206538915634155,0.0007206539157778025,0.9857869744300842,0.9865076541900635,0.000720679759979248
440,0.9637956619262695,0.0009637956973165274,0.9936418533325195,0.9946056604385376,0.0009638071060180664
441,1.0968084335327148,0.00109680846799165,0.9987390637397766,0.9998358488082886,0.0010967850685119629
442,0.8463126420974731,0.0008463126723654568,0.9989979863166809,0.9998443126678467,0.0008463263511657715
443,1.0128625631332397,0.0010128626599907875,0.9994325041770935,1.0004453659057617,0.0010128617286682129
444,1.0924351215362549,0.0010924352100118995,1.0038299560546875,1.0049223899841309,0.0010924339294433594
445,1.0237218141555786,0.001023721881210804,1.0030674934387207,1.0040912628173828,0.0010237693786621094
446,0.5896645188331604,0.0005896645598113537,1.014918327331543,1.0155079364776611,0.0005896091461181641
447,0.9348666667938232,0.0009348667226731777,1.0067861080169678,1.007720947265625,0.0009348392486572266
448,1.0010343790054321,0.0010010343976318836,0.9987283945083618,0.9997294545173645,0.0010010600090026855
449,0.8166253566741943,0.0008166253683157265,0.9990798830986023,0.9998965263366699,0.000816643238067627
450,1.0939435958862305,0.001093943603336811,0.9986723065376282,0.9997662305831909,0.0010939240455627441
451,0.807552695274353,0.0008075527148321271,1.008363962173462,1.009171485900879,0.0008075237274169922
452,0.6819003820419312,0.0006819004192948341,1.006056547164917,1.0067384243011475,0.0006818771362304688
453,0.7449743151664734,0.0007449743570759892,0.9886902570724487,0.9894352555274963,0.0007449984550476074
454,0.753351628780365,0.0007533516618423164,1.0036070346832275,1.0043604373931885,0.0007534027099609375
455,0.6602978706359863,0.0006602979265153408,0.9989784359931946,0.9996387362480164,0.0006603002548217773
456,0.6658329367637634,0.0006658329511992633,1.0008230209350586,1.0014888048171997,0.0006657838821411133
457,1.2950541973114014,0.0012950542150065303,1.000374436378479,1.0016695261001587,0.0012950897216796875
458,0.8735232949256897,0.0008735233568586409,0.9985011219978333,0.9993746280670166,0.0008735060691833496
459,0.8508790731430054,0.0008508791215717793,0.9997907280921936,1.0006415843963623,0.0008508563041687012
460,0.7554197907447815,0.0007554198382422328,0.9939959049224854,0.9947513341903687,0.0007554292678833008
461,0.7828291058540344,0.0007828291272744536,1.0077996253967285,1.0085824728012085,0.0007828474044799805
462,0.6675330400466919,0.0006675330805592239,0.9994891285896301,1.0001566410064697,0.0006675124168395996
463,1.0374889373779297,0.0010374890407547355,0.9982023239135742,0.9992398023605347,0.0010374784469604492
464,1.5429803133010864,0.0015429804334416986,0.9915674328804016,0.9931104183197021,0.0015429854393005371
465,0.9847252368927002,0.000984725309535861,1.0015020370483398,1.0024867057800293,0.0009846687316894531
466,1.0945653915405273,0.0010945654939860106,0.9890695810317993,0.9901641607284546,0.0010945796966552734
467,0.8704622983932495,0.0008704623323865235,1.0017211437225342,1.002591609954834,0.0008704662322998047
468,0.8669954538345337,0.0008669954841025174,0.9927312135696411,0.993598222732544,0.000867009162902832
469,0.6169886589050293,0.0006169886910356581,0.9997125267982483,1.0003294944763184,0.0006169676780700684
470,1.0169339179992676,0.001016933936625719,0.998648464679718,0.999665379524231,0.0010169148445129395
471,1.5846232175827026,0.0015846232417970896,1.011489748954773,1.0130743980407715,0.0015846490859985352
472,0.8569611310958862,0.0008569611818529665,0.9977325797080994,0.9985895156860352,0.000856935977935791
473,0.860855221748352,0.0008608552743680775,0.9922996759414673,0.9931605458259583,0.0008608698844909668
474,0.814005970954895,0.0008140060235746205,1.0011423826217651,1.0019563436508179,0.0008139610290527344
475,0.7481204867362976,0.0007481205393560231,1.0001323223114014,1.000880479812622,0.0007481575012207031
476,0.655857503414154,0.0006558575551025569,0.9994154572486877,1.0000712871551514,0.000655829906463623
477,0.6468169689178467,0.0006468169740401208,0.9989190101623535,0.999565839767456,0.0006468296051025391
478,1.3583238124847412,0.0013583238469436765,1.0041446685791016,1.0055029392242432,0.0013582706451416016
479,0.7821860313415527,0.0007821860490366817,0.988401472568512,0.9891836643218994,0.0007821917533874512
480,1.1797773838043213,0.001179777435027063,0.9900266528129578,0.9912064075469971,0.0011797547340393066
481,0.9782090187072754,0.0009782090783119202,0.9925298690795898,0.9935081005096436,0.000978231430053711
482,0.7655763626098633,0.0007655763765797019,0.9985386729240417,0.9993042349815369,0.0007655620574951172
483,0.6114510893821716,0.0006114511052146554,0.9994195699691772,1.0000309944152832,0.000611424446105957
484,0.8285039663314819,0.0008285039803013206,0.9992573261260986,1.0000858306884766,0.0008285045623779297
485,1.2640578746795654,0.001264057937078178,1.0047938823699951,1.0060579776763916,0.0012640953063964844
486,0.8840583562850952,0.0008840584196150303,0.9930030703544617,0.9938871264457703,0.0008840560913085938
487,1.1628553867340088,0.0011628554202616215,1.0083855390548706,1.0095484256744385,0.001162886619567871
488,0.9934060573577881,0.00099340605083853,0.9886711239814758,0.9896645545959473,0.0009934306144714355
489,0.5096228122711182,0.0005096228560432792,1.005972146987915,1.0064817667007446,0.0005096197128295898
490,0.8303917646408081,0.000830391829367727,0.9991695880889893,1.0,0.0008304119110107422
491,0.8662576675415039,0.0008662577020004392,0.9991384148597717,1.0000046491622925,0.000866234302520752
492,0.9197548031806946,0.0009197548497468233,1.0034878253936768,1.004407525062561,0.0009196996688842773
493,1.096299648284912,0.0010962997330352664,1.0190072059631348,1.0201034545898438,0.0010962486267089844
494,1.275542140007019,0.0012755421921610832,0.9990081787109375,1.0002837181091309,0.0012755393981933594
495,0.7971813678741455,0.0007971813902258873,1.0000916719436646,1.0008888244628906,0.0007971525192260742
496,0.7523320913314819,0.000752332154661417,0.9984482526779175,0.9992005825042725,0.0007523298263549805
497,0.8185468316078186,0.000818546861410141,0.9992277026176453,1.0000462532043457,0.0008185505867004395
498,1.0951874256134033,0.0010951875010505319,0.9989174604415894,1.0000126361846924,0.0010951757431030273
499,1.1693425178527832,0.0011693425476551056,0.998762845993042,0.9999321699142456,0.0011693239212036133
500,1.0912141799926758,0.0010912142461165786,1.0030741691589355,1.0041654109954834,0.0010912418365478516
501,0.8535490036010742,0.0008535490487702191,0.9951691031455994,0.996022641658783,0.0008535385131835938
502,0.5003398060798645,0.0005003398400731385,1.0018683671951294,1.002368688583374,0.0005003213882446289
503,0.7434667348861694,0.0007434667786583304,0.9997212290763855,1.000464677810669,0.0007434487342834473
504,0.6903296113014221,0.0006903296452946961,0.9993018507957458,0.9999921917915344,0.0006903409957885742
505,0.7588931322097778,0.0007588931475766003,0.9992411136627197,1.0,0.0007588863372802734
506,0.7577410340309143,0.00075774104334414,1.0129445791244507,1.0137022733688354,0.0007576942443847656
507,1.3109769821166992,0.0013109770370647311,0.9821640849113464,0.9834750890731812,0.0013110041618347168
508,0.7983824014663696,0.0007983824471011758,1.0044199228286743,1.005218267440796,0.000798344612121582
509,0.8996714353561401,0.0008996714605018497,1.0059548616409302,1.00685453414917,0.0008996725082397461
510,0.982715368270874,0.000982715399004519,0.9905376434326172,0.991520345211029,0.0009827017784118652
511,0.7431429028511047,0.0007431429112330079,0.9990749359130859,0.9998180866241455,0.0007431507110595703
512,1.007443904876709,0.001007443992421031,0.9984190464019775,0.9994264841079712,0.0010074377059936523
513,1.2757935523986816,0.0012757936492562294,1.0001747608184814,1.001450538635254,0.001275777816772461
514,0.9266276955604553,0.000926627719309181,0.9995077848434448,1.000434398651123,0.0009266138076782227
515,1.087672472000122,0.0010876725427806377,0.9910554885864258,0.9921431541442871,0.0010876655578613281
516,0.9247086048126221,0.0009247086709365249,0.9815372228622437,0.9824619293212891,0.0009247064590454102
517,0.8084584474563599,0.0008084584842436016,0.9982656836509705,0.9990741610527039,0.0008084774017333984
518,0.8263237476348877,0.0008263238123618066,0.9991857409477234,1.0000120401382446,0.0008262991905212402
519,0.7228047847747803,0.0007228048052638769,0.998785138130188,0.9995079636573792,0.0007228255271911621
520,1.3079662322998047,0.001307966304011643,0.9983463287353516,0.9996542930603027,0.0013079643249511719
521,0.7766531705856323,0.0007766532362438738,0.986587643623352,0.9873642921447754,0.0007766485214233398
522,1.256183385848999,0.0012561834882944822,0.9972687363624573,0.9985249042510986,0.0012561678886413574
523,0.6736481189727783,0.0006736481445841491,1.0079013109207153,1.0085749626159668,0.0006736516952514648
524,0.9254506230354309,0.0009254506439901888,0.997852623462677,0.9987780451774597,0.0009254217147827148
525,0.7232239246368408,0.0007232239586301148,0.9994038343429565,1.0001270771026611,0.0007232427597045898
526,0.6579930782318115,0.0006579931359738111,0.9993420243263245,1.0,0.0006579756736755371
527,1.0548651218414307,0.0010548651916906238,1.0014744997024536,1.0025293827056885,0.0010548830032348633
528,0.5945883989334106,0.0005945884040556848,0.9844483733177185,0.9850429892539978,0.0005946159362792969
529,1.3278697729110718,0.001327869831584394,1.0063165426254272,1.0076444149017334,0.0013278722763061523
530,0.7709032893180847,0.0007709033088758588,0.9918825030326843,0.9926534295082092,0.0007709264755249023
531,0.6971858739852905,0.0006971859256736934,1.0058327913284302,1.0065299272537231,0.0006971359252929688
532,0.571235179901123,0.0005712351994588971,0.9994480609893799,1.0000193119049072,0.0005712509155273438
533,0.5026195645332336,0.0005026196013204753,0.9994972944259644,0.9999999403953552,0.0005026459693908691
534,0.9908322095870972,0.0009908322244882584,1.000255823135376,1.001246690750122,0.0009908676147460938
535,0.7584471702575684,0.0007584472186863422,1.0038570165634155,1.0046154260635376,0.0007584095001220703
536,1.258427619934082,0.00125842762645334,1.001096487045288,1.0023548603057861,0.0012583732604980469
537,0.87016761302948,0.0008701676269993186,0.9928198456764221,0.993690013885498,0.0008701682090759277
538,0.5870904922485352,0.0005870905006304383,0.9946643114089966,0.9952514171600342,0.0005871057510375977
539,0.616655170917511,0.0006166552193462849,0.9993823170661926,0.9999989867210388,0.0006166696548461914
540,0.5368677377700806,0.0005368677666410804,0.9994631409645081,1.0,0.0005368590354919434
541,1.0816917419433594,0.0010816918220371008,1.00732421875,1.0084059238433838,0.001081705093383789
542,0.9486178159713745,0.000948617875110358,0.9977942109107971,0.9987428188323975,0.0009486079216003418
543,1.2201420068740845,0.001220142119564116,0.9872623085975647,0.9884824752807617,0.0012201666831970215
544,0.6493476033210754,0.0006493476103059947,0.9839322566986084,0.9845815896987915,0.0006493330001831055
545,0.663184642791748,0.0006631846772506833,0.9849988222122192,0.9856619834899902,0.0006631612777709961
546,0.5206015706062317,0.000520601577591151,0.999740481376648,1.0002610683441162,0.0005205869674682617
547,0.6549968123435974,0.0006549968384206295,0.9993450045585632,1.0,0.0006549954414367676
548,1.2626439332962036,0.001262643956579268,1.0028746128082275,1.0041372776031494,0.001262664794921875
549,1.1487799882888794,0.0011487799929454923,1.005550503730774,1.0066993236541748,0.001148819923400879
550,1.2965965270996094,0.0012965966016054153,0.9887649416923523,0.9900615215301514,0.0012965798377990723
551,0.6621630191802979,0.000662163074593991,0.9826360940933228,0.9832982420921326,0.0006621479988098145
552,0.6168254613876343,0.0006168254767544568,0.9955227971076965,0.996139645576477,0.0006168484687805176
553,0.5613457560539246,0.0005613457760773599,0.9995816946029663,1.000143051147461,0.0005613565444946289
554,0.5874072909355164,0.0005874073249287903,0.9994125962257385,1.0,0.0005874037742614746
555,1.2270820140838623,0.001227082102559507,1.008924126625061,1.0101512670516968,0.0012271404266357422
556,1.0656566619873047,0.001065656659193337,1.008553385734558,1.0096189975738525,0.0010656118392944336
557,1.018210530281067,0.0010182105470448732,1.006587266921997,1.0076054334640503,0.0010181665420532227
558,0.7715212106704712,0.0007715212414041162,1.0162403583526611,1.0170118808746338,0.0007715225219726562
559,0.7176844477653503,0.0007176845101639628,1.0052003860473633,1.005918025970459,0.0007176399230957031
560,0.5196096897125244,0.0005196097190491855,0.9998011589050293,1.0003207921981812,0.0005196332931518555
561,0.6758894920349121,0.000675889546982944,0.9993240833282471,1.0,0.0006759166717529297
562,1.0908033847808838,0.0010908034164458513,1.0009890794754028,1.0020798444747925,0.0010907649993896484
563,0.7153291702270508,0.0007153291953727603,1.0036755800247192,1.0043909549713135,0.0007153749465942383
564,1.095578670501709,0.0010955787729471922,1.0003095865249634,1.001405119895935,0.0010955333709716797
565,0.8334413766860962,0.0008334414451383054,0.9856274127960205,0.9864608645439148,0.0008334517478942871
566,0.8563917875289917,0.0008563918527215719,1.0128607749938965,1.0137171745300293,0.0008563995361328125
567,0.7117341756820679,0.0007117342320270836,0.9991238713264465,0.9998356103897095,0.0007117390632629395
568,1.054356575012207,0.0010543565731495619,0.9989029169082642,0.999957263469696,0.0010543465614318848
569,1.3529363870620728,0.0013529364950954914,1.0025146007537842,1.003867506980896,0.0013529062271118164
570,0.7921521067619324,0.0007921521319076419,1.0086859464645386,1.0094780921936035,0.0007921457290649414
571,1.1947362422943115,0.0011947363382205367,1.005906581878662,1.00710129737854,0.0011947154998779297
572,0.8093644380569458,0.0008093644864857197,0.9891145825386047,0.9899239540100098,0.0008093714714050293
573,0.7918024063110352,0.0007918024202808738,0.9992473125457764,1.0000391006469727,0.0007917881011962891
574,0.7945801615715027,0.0007945802062749863,0.9992099404335022,1.000004529953003,0.0007945895195007324
575,1.253740668296814,0.0012537407455965877,1.00053870677948,1.0017924308776855,0.0012537240982055664
576,1.4102797508239746,0.0014102797722443938,1.0039160251617432,1.005326271057129,0.0014102458953857422
577,1.1011123657226562,0.0011011124588549137,0.9892065525054932,0.9903076887130737,0.0011011362075805664
578,0.9273768663406372,0.0009273769101127982,1.0111573934555054,1.012084722518921,0.0009273290634155273
579,0.8291345834732056,0.0008291346020996571,0.9990671873092651,0.9998963475227356,0.000829160213470459
580,0.9111166596412659,0.0009111167164519429,1.0006057024002075,1.0015168190002441,0.0009111166000366211
581,0.7889710664749146,0.0007889710832387209,0.9992390275001526,1.0000280141830444,0.0007889866828918457
582,1.1378151178359985,0.0011378151830285788,0.9975000619888306,0.998637855052948,0.0011377930641174316
583,1.2604539394378662,0.0012604539515450597,0.995327889919281,0.9965883493423462,0.0012604594230651855
584,1.1074459552764893,0.001107446034438908,1.0013985633850098,1.0025060176849365,0.0011074542999267578
585,0.7766940593719482,0.0007766940980218351,0.9987507462501526,0.9995274543762207,0.0007767081260681152
586,0.8828644156455994,0.0008828644640743732,1.002846598625183,1.0037294626235962,0.0008828639984130859
587,0.7344953417778015,0.0007344953482970595,0.9999924302101135,1.0007269382476807,0.0007345080375671387
588,0.6886380910873413,0.0006886381306685507,1.0008571147918701,1.001545786857605,0.0006886720657348633
589,0.8885983824729919,0.000888598442543298,1.0002604722976685,1.00114905834198,0.0008885860443115234
590,1.5200895071029663,0.0015200895722955465,0.993387758731842,0.9949078559875488,0.0015200972557067871
591,0.7572612762451172,0.0007572612958028913,1.0017139911651611,1.0024712085723877,0.0007572174072265625
592,0.9995490312576294,0.0009995490545406938,0.9929356575012207,0.993935227394104,0.0009995698928833008
593,0.6760209798812866,0.0006760210380889475,1.0113236904144287,1.0119997262954712,0.0006760358810424805
594,0.8863425850868225,0.0008863426046445966,1.0006951093673706,1.0015814304351807,0.0008863210678100586
595,0.3267759680747986,0.00032677597482688725,0.9989873766899109,0.9993141293525696,0.0003267526626586914
596,0.9829680323600769,0.0009829681366682053,0.9995976090431213,1.0005805492401123,0.0009829401969909668
597,1.3131330013275146,0.001313133048824966,0.9968401789665222,0.9981533288955688,0.0013131499290466309
598,0.8693042397499084,0.00086930429097265,0.9856348633766174,0.9865041971206665,0.0008693337440490723
599,1.2067153453826904,0.0012067153584212065,1.0145504474639893,1.0157572031021118,0.0012067556381225586
600,0.773950457572937,0.0007739504799246788,0.9974450469017029,0.9982190132141113,0.0007739663124084473
601,0.7787269949913025,0.0007787270587868989,1.000011920928955,1.0007905960083008,0.0007786750793457031
602,0.5129987001419067,0.0005129987257532775,0.9998795390129089,1.0003925561904907,0.0005130171775817871
603,1.0114758014678955,0.0010114758042618632,0.9971926808357239,0.9982041716575623,0.001011490821838379
604,1.388254165649414,0.0013882542261853814,1.0121071338653564,1.0134954452514648,0.0013883113861083984
605,0.858478307723999,0.0008584783645346761,0.9995577931404114,1.0004162788391113,0.0008584856986999512
606,1.1384912729263306,0.0011384913232177496,0.9904728531837463,0.9916113615036011,0.0011385083198547363
607,0.614588737487793,0.0006145887891761959,1.0109775066375732,1.011592149734497,0.0006146430969238281
608,0.6243348717689514,0.0006243349052965641,1.004754900932312,1.0053791999816895,0.0006242990493774414
609,0.6906742453575134,0.0006906742928549647,0.998715877532959,0.9994065761566162,0.0006906986236572266
610,1.0839285850524902,0.0010839286260306835,0.9970529675483704,0.9981368780136108,0.0010839104652404785
611,1.501875400543213,0.001501875463873148,0.9989773631095886,1.0004792213439941,0.0015018582344055176
612,0.7263240814208984,0.0007263240986503661,0.9978035092353821,0.998529851436615,0.0007263422012329102
613,0.8814233541488647,0.0008814234170131385,1.0086989402770996,1.009580373764038,0.0008814334869384766
614,0.7031546235084534,0.0007031546556390822,0.9969303011894226,0.9976334571838379,0.0007031559944152832
615,0.5146466493606567,0.0005146467010490596,0.9958889484405518,0.9964035749435425,0.0005146265029907227
